Grimms/sent/11_little_brother_and_little_sister.sent.okpuncs	en/khm-011.1823-alm.md
Grimms/sent/49_the_six_swans.sent.okpuncs	en/khm-049.1823-alm.md
Grimms/sent/29_the_devil_with_the_three_golden_hairs.sent.okpuncs	en/khm-029.1823-alm.md
Grimms/sent/163_the_glass_coffin.sent.okpuncs	en/khm-164.1823-alm.md
Grimms/sent/90_the_young_giant.sent.okpuncs	en/khm-090.1823-alm.md
Grimms/sent/3_our_ladys_child.sent.okpuncs	en/khm-003.1823-alm.md
Grimms/sent/91_the_gnome.sent.okpuncs	en/khm-091.1823-alm.md
Grimms/sent/13_the_three_little_men_in_the_wood.sent.okpuncs	en/khm-013.1823-alm.md
Grimms/sent/16_the_three_snake-leaves.sent.okpuncs	en/khm-016.1823-alm.md
Grimms/sent/87_the_poor_man_and_the_rich_man.sent.okpuncs	en/khm-087.1823-alm.md
Grimms/sent/106_the_poor_millers_boy_and_the_cat.sent.okpuncs	en/khm-106.1823-alm.md
Grimms/sent/82_gambling_hansel.sent.okpuncs	en/khm-082.1823-alm.md
Grimms/sent/114_the_cunning_little_tailor.sent.okpuncs	en/khm-114.1823-alm.md
Grimms/sent/22_the_riddle.sent.okpuncs	en/khm-022.1823-alm.md
Grimms/sent/the_white_snake.sent.okpuncs	en/khm-017.1823-alm.md
Grimms/sent/little_red-cap_[little_red_riding_hood].sent.okpuncs	en/khm-026.1823-alm.md
Grimms/sent/35_the_tailor_in_heaven.sent.okpuncs	en/khm-035.1823-alm.md
Grimms/sent/96_the_three_little_birds.sent.okpuncs	en/khm-096.1823-alm.md
Grimms/sent/73_the_wolf_and_the_fox.sent.okpuncs	en/khm-073.1823-alm.md
Grimms/sent/the_valiant_little_tailor.sent.okpuncs	en/khm-020.1823-alm.md
Grimms/sent/cat_and_mouse_in_partnership.sent.okpuncs	en/khm-002.1823-alm.md
Grimms/sent/clever_elsie.sent.okpuncs	en/khm-034.1823-alm.md
Grimms/sent/the_little_peasant.sent.okpuncs	en/khm-061.1823-alm.md
Grimms/sent/30_the_louse_and_the_flea.sent.okpuncs	en/khm-030.1823-alm.md
Grimms/sent/the_pink.sent.okpuncs	en/khm-076.1823-alm.md
Grimms/sent/80_the_death_of_the_little_hen.sent.okpuncs	en/khm-080.1823-alm.md
Grimms/sent/sweetheart_roland.sent.okpuncs	en/khm-056.1823-alm.md
Grimms/sent/the_straw,_the_coal,_and_the_bean.sent.okpuncs	en/khm-018.1823-alm.md
Grimms/sent/the_blue_light.sent.okpuncs	en/khm-116.1823-alm.md
Grimms/sent/the_wolf_and_the_seven_little_kids.sent.okpuncs	en/khm-005.1823-alm.md
Grimms/sent/iron_hans.sent.okpuncs	en/khm-136.1823-alm.md
Grimms/sent/the_three_languages.sent.okpuncs	en/khm-033.1823-alm.md
Grimms/sent/the_story_of_the_youth_who_went_forth_to_learn_what_fear_was.sent.okpuncs	en/khm-004.1823-alm.md
Grimms/sent/fundevogel.sent.okpuncs	en/khm-051.1823-alm.md
Grimms/sent/hansel_and_gretel.sent.okpuncs	en/khm-015.1823-alm.md
Grimms/sent/the_willow-wren_and_the_bear.sent.okpuncs	en/khm-102.1823-alm.md
Grimms/sent/clever_gretel.sent.okpuncs	en/khm-077.1823-alm.md
Grimms/sent/doctor_knowall.sent.okpuncs	en/khm-098.1823-alm.md
Grimms/sent/rapunzel.sent.okpuncs	en/khm-012.1823-alm.md
Grimms/sent/the_twelve_huntsmen.sent.okpuncs	en/khm-067.1823-alm.md
Grimms/sent/the_old_man_and_his_grandson.sent.okpuncs	en/khm-078.1823-alm.md
Grimms/sent/clever_hans.sent.okpuncs	en/khm-032.1823-alm.md
Grimms/sent/the_fox_and_the_cat.sent.okpuncs	en/khm-075.1823-alm.md
Grimms/sent/the_golden_goose.sent.okpuncs	en/khm-064.1823-alm.md
Grimms/sent/the_juniper-tree.sent.okpuncs	en/khm-047.1823-alm.md
Grimms/sent/first_story.sent.okpuncs	en/khm-038.1823-alm.md
Grimms/sent/the_raven.sent.okpuncs	en/khm-093.1823-alm.md
Grimms/sent/the_salad.sent.okpuncs	en/khm-122.1823-alm.md
Grimms/sent/cat-skin.sent.okpuncs	en/khm-065.1823-alm.md
Grimms/sent/lily_and_the_lion.sent.okpuncs	en/khm-088.1823-alm.md
Grimms/sent/the_four_clever_brothers.sent.okpuncs	en/khm-129.1823-alm.md
Grimms/sent/mother_holle.sent.okpuncs	en/khm-024.1823-alm.md
Grimms/sent/the_water_of_life.sent.okpuncs	en/khm-097.1823-alm.md
Grimms/sent/ashputtel.sent.okpuncs	en/khm-021.1823-alm.md
Grimms/sent/the_robber_bridegroom.sent.okpuncs	en/khm-040.1823-alm.md
Grimms/sent/the_twelve_dancing_princesses.sent.okpuncs	en/khm-133.1823-alm.md
Grimms/sent/snowdrop.sent.okpuncs	en/khm-053.1823-alm.md
Grimms/sent/the_golden_bird.sent.okpuncs	en/khm-057.1823-alm.md
Grimms/sent/the_seven_ravens.sent.okpuncs	en/khm-025.1823-alm.md
Grimms/sent/briar_rose.sent.okpuncs	en/khm-050.1823-alm.md
Grimms/sent/the_king_of_the_golden_mountain.sent.okpuncs	en/khm-092.1823-alm.md
Grimms/sent/hans_in_luck.sent.okpuncs	en/khm-083.1823-alm.md
Grimms/sent/tom_thumb.sent.okpuncs	en/khm-037.1823-alm.md
Grimms/sent/the_dog_and_the_sparrow.sent.okpuncs	en/khm-058.1823-alm.md
Grimms/sent/the_queen_bee.sent.okpuncs	en/khm-062.1823-alm.md
Grimms/sent/jorinda_and_jorindel.sent.okpuncs	en/khm-069.1823-alm.md
Grimms/sent/king_grisly-beard.sent.okpuncs	en/khm-052.1823-alm.md
Grimms/sent/frederick_and_catherine.sent.okpuncs	en/khm-059.1823-alm.md
Grimms/sent/the_turnip.sent.okpuncs	en/khm-146.1823-alm.md
Grimms/sent/the_travelling_musicians.sent.okpuncs	en/khm-027.1823-alm.md
Grimms/sent/the_mouse,_the_bird,_and_the_sausage.sent.okpuncs	en/khm-023.1823-alm.md
Grimms/sent/the_fisherman_and_his_wife.sent.okpuncs	en/khm-019.1823-alm.md
Grimms/sent/rumpelstiltskin.sent.okpuncs	en/khm-055.1823-alm.md
Grimms/sent/old_sultan.sent.okpuncs	en/khm-048.1823-alm.md
Grimms/sent/the_elves_and_the_shoemaker.sent.okpuncs	en/khm-039.1823-alm.md
Grimms/sent/the_frog-prince.sent.okpuncs	en/khm-001.1823-alm.md
Grimms/sent/the_fox_and_the_horse.sent.okpuncs	en/khm-132.1823-alm.md
Grimms/sent/the_miser_in_the_bush.sent.okpuncs	en/khm-110.1823-alm.md
