#file;iso639-3;language;;Germanic?;;books;36
xml/aai-AAINT.xml;aai;Arifama-Miniafia;;;;;
xml/acf-ACFNT.xml;acf;Creole French, Saint Lucian;;;;;
xml/ach-B85.xml;ach;Acholi language;;;;;
xml/acn-NGCL.xml;acn;Achang language;;;;;
xml/acr-ACRNNT.xml;acr;Achi;;;;;
xml/acr-ACRNT.xml;acr;Achi;;;;;
xml/acr-ACRTNT.xml;acr;Achi;;;;;
xml/acu-ACUNT.xml;acu;Achuar-Shiwiar;;;;;
xml/afr-ABA.xml;afr;Afrikaans;;y;;;
xml/afr-AFR53.xml;afr;Afrikaans;;y;;;
xml/afr-AFR83.xml;afr;Afrikaans;;y;;;
xml/agr-AGRNTPO.xml;agr;Aguaruna language;;;;;
xml/agu-AGUBI.xml;agu;Aguacateco;;;;;
xml/agu-AGUNT.xml;agu;Aguacateco;;;;;
xml/agw-KCB.xml;agw;Kahua language;;;;;
xml/ake-AKENT.xml;ake;Akawaio language;;;;;
xml/alb-ALNT.xml;alb;;;;;;
xml/alp-ALPNT.xml;alp;Alune;;;;;
xml/alq-ALGNT.xml;alq;Algonquin language;;;;;
xml/ame-AMENT.xml;ame;Yanesha' language;;;;;
xml/amr-AMRNT.xml;amr;Amarakaeri language;;;;;
xml/amu-AMUNT.xml;amu;Amuzgo, Guerrero;;;;;
xml/anv-ANVNT.xml;anv;Denya language;;;;;
xml/apn-APNNT.xml;apn;Apinayé language;;;;;
xml/apu-APUNT.xml;apu;Apurinã language;;;;;
xml/apw-APWNT.xml;apw;Apache, Western;;;;;
xml/apy-APYNT.xml;apy;Apalaí language;;;;;
xml/arb-AVDDV.xml;arb;Arabic, Standard;;;;;
xml/arb-AVD.xml;arb;Arabic, Standard;;;;;
xml/arb-GNA93.xml;arb;Arabic, Standard;;;;;
xml/arl-ARLNT.xml;arl;Arabela language;;;;;
xml/arn-ARNNT.xml;arn;Araucanian;;;;;
xml/ary-MSTD.xml;ary;Arabic, Moroccan;;;;;
xml/atg-ATGNT.xml;atg;Ivbie North-Okpela-Arhe;;;;;
xml/auc-AUCNT.xml;auc;Huaorani language;;;;;
xml/auy-AUYNT.xml;auy;Awiyaana;;;;;
xml/ayr-AYOP.xml;ayr;Aymara, Central;;;;;
xml/azg-AZGNT.xml;azg;Amuzgo, San Pedro Amuzgos;;;;;
xml/azz-AZZNT.xml;azz;Highland Puebla Nahuatl;;;;;
xml/ban-BAN.xml;ban;Balinese language;;;;;
xml/bao-BAONT.xml;bao;Waimaha;;;;;
xml/bbc-BBC.xml;bbc;Batak Toba;;;;;
xml/ben-MBCL.xml;ben;Bengali language;;;;;
xml/ben-SBCL.xml;ben;Bengali language;;;;;
xml/bjr-BJRNT.xml;bjr;Binumarien;;;;;
xml/bjv-BJVNT.xml;bjv;Bedjond;;;;;
xml/bkq-BKQNT.xml;bkq;Bakairí;;;;;
xml/blz-BLZNT.xml;blz;Balantak;;;;;
xml/bmb-NTB.xml;bmb;Bembe language;;;;;
xml/bmr-BMRNT.xml;bmr;Muinane language;;;;;
xml/bnp-BNPNTPO.xml;bnp;Bola;;;;;
xml/boa-BOANT.xml;boa;Bora language;;;;;
xml/box-BOXNT.xml;box;Buamu;;;;;
xml/bsn-BSNNT.xml;bsn;Barasana language;;;;;
xml/bss-BSSNT.xml;bss;Akoose;;;;;
xml/bth-TBV.xml;bth;Biatah Bidayuh;;;;;
xml/bts-BTS.xml;bts;Batak Simalungun;;;;;
xml/btx-BTX.xml;btx;Batak Karo language;;;;;
xml/bum-BULDCB.xml;bum;Bulu;;;;;
xml/bzd-BZDNTPO.xml;bzd;Bribri language;;;;;
xml/bzd-BZDNT.xml;bzd;Bribri language;;;;;
xml/bzj-BZJNT.xml;bzj;Belize Kriol English;;y;;;
xml/caa-CAANT.xml;caa;Ch’orti’ language;;;;;
xml/cab-CABNT.xml;cab;Garifuna language;;;;;
xml/cac-CSS.xml;cac;Chuj language;;;;;
xml/caf-CAFNT.xml;caf;Carrier, Southern;;;;;
xml/cak-CAKCNT.xml;cak;Cakchiquel;;;;;
xml/cak-CAKENT.xml;cak;Cakchiquel;;;;;
xml/cak-CAKNT.xml;cak;Cakchiquel;;;;;
xml/cak-CAKSNT.xml;cak;Cakchiquel;;;;;
xml/cak-CAKWNT.xml;cak;Cakchiquel;;;;;
xml/cak-CAKYNT.xml;cak;Cakchiquel;;;;;
xml/cak-KQC.xml;cak;Cakchiquel;;;;;
xml/cao-CAONT.xml;cao;Chácobo language;;;;;
xml/cap-CAPNT.xml;cap;Chipaya language;;;;;
xml/cap-CHIPBO.xml;cap;Chipaya language;;;;;
xml/car-CARNT.xml;car;Carib language;;;;;
xml/cat-BCI.xml;cat;Catalan language;;;;;
xml/cav-CAVNT.xml;cav;Cavineña language;;;;;
xml/cax-CAXNT.xml;cax;Chiquitano language;;;;;
xml/cax-CHIQB.xml;cax;Chiquitano language;;;;;
xml/cbc-CBCNT.xml;cbc;Carapana;;;;;
xml/cbi-CBINTPO.xml;cbi;Cha'palaachi language;;;;;
xml/cbr-CBRNTPO.xml;cbr;Cashibo language;;;;;
xml/cbs-CBSNT.xml;cbs;Cashinahua language;;;;;
xml/cbt-CBTNTPO.xml;cbt;Chayahuita language;;;;;
xml/cbu-CBUNT.xml;cbu;Candoshi-Shapra language;;;;;
xml/cco-CCONT.xml;cco;Chinantec, Comaltepec;;;;;
xml/ceb-RCPV.xml;ceb;Cebuano language;;;;;
xml/cfm-FCL.xml;cfm;Chin, Falam;;;;;
xml/chd-CHDNT.xml;chd;Chontal, Highland Oaxaca;;;;;
xml/chf-CHFNT.xml;chf;Chontal Maya language;;;;;
xml/chq-CHQNT.xml;chq;Chinantec, Quiotepec;;;;;
xml/chz-CHZNTPS.xml;chz;Chinantec, Ozumacín;;;;;
xml/cjo-CJONT.xml;cjo;Ashéninka Pajonal;;;;;
xml/cle-CLENT.xml;cle;Chinantec, Lealao;;;;;
xml/cme-CMENT.xml;cme;Cerma language;;;;;
xml/cnh-HCL.xml;cnh;Chin, Haka;;;;;
xml/cni-CNINT.xml;cni;Asháninka language;;;;;
xml/cnl-CNLNT.xml;cnl;Chinantec, Lalana;;;;;
xml/cnm-CSM.xml;cnm;;;;;;
xml/cnt-CNTNT.xml;cnt;Chinantec, Tepetotutla;;;;;
xml/cof-COFNT.xml;cof;Colorado;;;;;
xml/con-CONNT.xml;con;Cofán language;;;;;
xml/cot-COTNT.xml;cot;Caquinte language;;;;;
xml/cpa-CPANT.xml;cpa;Chinantec, Palantla;;;;;
xml/cpb-CPBNT.xml;cpb;Ashéninka, Ucayali-Yurúa;;;;;
xml/cpc-CPCNT.xml;cpc;Ajyíninka Apurucayali;;;;;
xml/cpu-CPUNT.xml;cpu;Ashéninka, Pichis;;;;;
xml/crm-MCNT.xml;crm;Cree, Moose;;;;;
xml/crn-CRNNT.xml;crn;Cora language;;;;;
xml/crt-CHRNT.xml;crt;Chorote, Iyojwa'ja;;;;;
xml/crx-CRXNTPO.xml;crx;Carrier;;;;;
xml/cso-CSONT.xml;cso;Chinantec, Sochiapam;;;;;
xml/csy-SYB.xml;csy;Chin, Siyin;;;;;
xml/cta-CTANT.xml;cta;Chatino, Tataltepec;;;;;
xml/ctd-TDB.xml;ctd;Chin, Tedim;;;;;
xml/ctp-CTPNT.xml;ctp;Chatino, Western Highland;;;;;
xml/ctu-CTUBI.xml;ctu;Ch’ol language;;;;;
xml/ctu-CTUNT.xml;ctu;Ch’ol language;;;;;
xml/cub-CUBNT.xml;cub;Cubeo language;;;;;
xml/cuc-CUCNT.xml;cuc;Chinantec, Usila;;;;;
xml/cui-CUINT.xml;cui;Cuiba language;;;;;
xml/cuk-CUKNT.xml;cuk;Kuna, San Blas;;;;;
xml/cut-CUTNT.xml;cut;Cuicatec, Teutila;;;;;
xml/cux-CUXNT.xml;cux;Cuicatec, Tepeuxila;;;;;
xml/cym-BCN.xml;cym;Welsh language;;;;;
xml/cym-BNET.xml;cym;Welsh language;;;;;
xml/cym-WMB.xml;cym;Welsh language;;;;;
xml/daa-DAANT.xml;daa;Dangaléat language;;;;;
xml/dad-DADNT.xml;dad;Marik language;;;;;
xml/dgr-DOGNT.xml;dgr;Dogrib language;;;;;
xml/dhm-DBNT.xml;dhm;Zemba language;;;;;
xml/dik-DIKNT.xml;dik;Dinka, Southwestern;;;;;
xml/djk-DJKNT.xml;djk;Businenge Tongo;;;;;
xml/djr-DJNT.xml;djr;Djambarrpuyngu;;;;;
xml/dtp-TDVR.xml;dtp;Bidayuh language;;;;;
xml/dwr-DWRENT.xml;dwr;Dawro;;;;;
xml/dwr-DWRNT.xml;dwr;Dawro;;;;;
xml/ell-NTV.xml;ell;Greek;;;;;
xml/ell-TGVD.xml;ell;Greek;;;;;
xml/emp-EMPNTPO.xml;emp;Emberá, Northern;;;;;
xml/eng-AMP.xml;eng;English language;;y;;;
xml/eng-CEVD.xml;eng;English language;;y;;;
xml/eng-CEVUK.xml;eng;English language;;y;;;
xml/eng-CEV.xml;eng;English language;;y;;;
xml/eng-DARBY.xml;eng;English language;;y;;;
xml/eng-ESV.xml;eng;English language;;y;;;
xml/eng-GNBDC.xml;eng;English language;;y;;;
xml/eng-GNTD.xml;eng;English language;;y;;;
xml/eng-KJVA.xml;eng;English language;;y;;;
xml/eng-KJV.xml;eng;English language;;y;;;
xml/eng-MSG.xml;eng;English language;;y;;;
xml/eng-NASB.xml;eng;English language;;y;;;
xml/eng-NIV.xml;eng;English language;;y;;;
xml/eng-NLT.xml;eng;English language;;y;;;
xml/eng-NRSV.xml;eng;English language;;y;;;
xml/eng-RSV.xml;eng;English language;;y;;;
xml/eng-RV1885.xml;eng;English language;;y;;;
xml/epo-ESP.xml;epo;Esperanto;;;;;
xml/ese-ESENT.xml;ese;Ese Ejja;;;;;
xml/esk-ESKNT.xml;esk;Inupiatun, Northwest Alaska;;;;;
xml/eus-EAB.xml;eus;Basque language;;;;;
xml/fao-FB.xml;fao;Faroese;;y;;;
xml/fij-FNVDC.xml;fij;Fijian language;;;;;
xml/fij-FOV2.xml;fij;Fijian language;;;;;
xml/fin-FB38.xml;fin;Finnish language;;;;;
xml/fin-FIN92.xml;fin;Finnish language;;;;;
xml/fon-FON.xml;fon;Fon;;;;;
xml/fra-FRC97.xml;fra;French language;;;;;
xml/fra-LSG.xml;fra;French language;;;;;
xml/fra-NBS.xml;fra;French language;;;;;
xml/fra-PDV.xml;fra;French language;;;;;
xml/giz-BEGDC.xml;giz;Giziga, South;;;;;
xml/gkp-KWB.xml;gkp;Guinea Kpelle;;;;;
xml/gle-ABN.xml;gle;Irish language;;;;;
xml/gmv-GMVNT.xml;gmv;Gamo;;;;;
xml/gmv-GMVRNT.xml;gmv;Gamo;;;;;
xml/gng-GNGNT.xml;gng;Ngangam language;;;;;
xml/gnw-GNWNT.xml;gnw;Guaraní, Western Bolivian;;;;;
xml/gof-GOFENT.xml;gof;Gofa;;;;;
xml/gof-GOFNT.xml;gof;Gofa;;;;;
xml/gof-GOFRNT.xml;gof;Gofa;;;;;
xml/grc-NTPT.xml;grc;Ancient Greek;;;;;
xml/grc-SBLGNT.xml;grc;Ancient Greek;;;;;
xml/gub-GUBBI.xml;gub;Guajajára;;;;;
xml/gud-DNT.xml;gud;Dida, Yocoboué;;;;;
xml/gui-GUINT.xml;gui;Eastern Bolivian Guaraní;;;;;
xml/gul-GULNT.xml;gul;Creole English, Sea Island;;y;;;
xml/guo-GUONT.xml;guo;Guayabero language;;;;;
xml/gvl-GUL.xml;gvl;Gulay language;;;;;
xml/gwi-GWINT.xml;gwi;Gwich'in;;;;;
xml/gya-GB11.xml;gya;Gbaya, Northwest;;;;;
xml/gym-GYMNT.xml;gym;Guaymí language;;;;;
xml/gyr-GYOB.xml;gyr;Guarayu language;;;;;
xml/gyr-GYRNT.xml;gyr;Guarayu language;;;;;
xml/hau-HAU.xml;hau;Hausa language;;;;;
xml/hch-HCHNT.xml;hch;Huichol language;;;;;
xml/heb-HRNT.xml;heb;Hebrew;;;;;
xml/hix-HIXNT.xml;hix;Hixkaryána;;;;;
xml/hns-HNSNT.xml;hns;Caribbean Hindustani;;;;;
xml/hop-HOPNT.xml;hop;Hopi language;;;;;
xml/hub-HUBNT.xml;hub;Huambisa language;;;;;
xml/hus-HUSNT.xml;hus;Huastec language;;;;;
xml/huu-HUUNT.xml;huu;Huitoto, Murui;;;;;
xml/huv-HUVNT.xml;huv;Huave, San Mateo Del Mar;;;;;
xml/hwc-HWCNT.xml;hwc;Creole English, Hawai'i;;y;;;
xml/iba-TDIR.xml;iba;Iban language;;;;;
xml/ibo-IGBOB.xml;ibo;Igbo language;;;;;
xml/ign-IGB.xml;ign;Ignaciano;;;;;
xml/ign-IGNNT.xml;ign;Ignaciano;;;;;
xml/ike-EAIB.xml;ike;Eastern Canadian Inuktitut;;;;;
xml/ike-LIB.xml;ike;Eastern Canadian Inuktitut;;;;;
xml/ilo-RIPV.xml;ilo;Ilokano language;;;;;
xml/ind-BIMK.xml;ind;Indonesian language;;;;;
xml/ind-TB.xml;ind;Indonesian language;;;;;
xml/iou-IOUNTPO.xml;iou;Tuma-Irumu;;;;;
xml/ita-DO885.xml;ita;Italian language;;;;;
xml/ita-RDV24.xml;ita;Italian language;;;;;
xml/ium-IUMILAO.xml;ium;Iu Mien;;;;;
xml/ium-IUMINOR.xml;ium;Iu Mien;;;;;
xml/ium-IUMINR.xml;ium;Iu Mien;;;;;
xml/ium-IUMITH.xml;ium;Iu Mien;;;;;
xml/ixl-IXLCNT.xml;ixl;Ixil language;;;;;
xml/ixl-IXLNNT.xml;ixl;Ixil language;;;;;
xml/ixl-IXLNT.xml;ixl;Ixil language;;;;;
xml/jac-JACNT.xml;jac;Jakalteko;;;;;
xml/jam-JNT.xml;jam;Creole English, Jamaican;;y;;;
xml/jav-JAV.xml;jav;Javanese;;;;;
xml/jic-JICNT.xml;jic;Jicaque language;;;;;
xml/jiv-JIVNT.xml;jiv;Shuar language;;;;;
xml/jvn-JVNNT.xml;jvn;Caribbean Javanese;;;;;
xml/kac-JCLB.xml;kac;Jingpho;;;;;
xml/kaq-KAQNT.xml;kaq;Capanahua language;;;;;
xml/kbc-KBCNT.xml;kbc;Kadiwéu;;;;;
xml/kbp-KABI.xml;kbp;Kabiyè;;;;;
xml/kck-KBTP.xml;kck;Kalanga language;;;;;
xml/kdl-KDLNT.xml;kdl;Kimba language;;;;;
xml/kek-KEKB.xml;kek;Kekchí;;;;;
xml/kek-QQC.xml;kek;Kekchí;;;;;
xml/ken-KENNT.xml;ken;Kenyang;;;;;
xml/kgk-KGKNT.xml;kgk;Kaiwá;;;;;
xml/kgp-KGPNT.xml;kgp;Kaingang language;;;;;
xml/khk-MAB2004.xml;khk;Halh Mongolian;;;;;
xml/khm-KHSV.xml;khm;Central Khmer;;;;;
xml/kia-KB.xml;kia;Kim language;;;;;
xml/kin-BIRD.xml;kin;Kinyarwanda;;;;;
xml/kin-BYSB.xml;kin;Kinyarwanda;;;;;
xml/kin-KBNT.xml;kin;Kinyarwanda;;;;;
xml/kjb-KANJ.xml;kjb;Kanjobal;;;;;
xml/kmr-KNTP.xml;kmr;Kurdish, Northern;;;;;
xml/knj-KNJNT.xml;knj;Akatek language;;;;;
xml/kor-NKRV.xml;kor;Korean language;;;;;
xml/kor-RNKSV.xml;kor;Korean language;;;;;
xml/kpj-KPJNT.xml;kpj;Karajá language;;;;;
xml/ksf-BAFNT.xml;ksf;Bafia;;;;;
xml/kss-KBQ.xml;kss;Kisi, Southern;;;;;
xml/kua-OKYB.xml;kua;Kuanyama;;;;;
xml/kvn-KVNNT.xml;kvn;Border Kuna;;;;;
xml/kyz-KYZNT.xml;kyz;Kayabí;;;;;
xml/lac-LACNT.xml;lac;Lacandon language;;;;;
xml/laj-B79.xml;laj;Lango;;;;;
xml/lav-RLB.xml;lav;Latvian;;;;;
xml/leh-LEN03.xml;leh;Lenje;;;;;
xml/leh-LNBD.xml;leh;Lenje;;;;;
xml/lhu-LHBR.xml;lhu;Lahu;;;;;
xml/lif-LIFNT.xml;lif;Limbu language;;;;;
xml/lif-LIMNT.xml;lif;Limbu language;;;;;
xml/lit-LBD.xml;lit;Lithuanian language;;;;;
xml/loz-LOZI09.xml;loz;Lozi language;;;;;
xml/lsi-LCL.xml;lsi;Lashi language;;;;;
xml/lus-MIZ.xml;lus;Lushai;;;;;
xml/maa-MAANT.xml;maa;Mazatec, San Jerónimo Tecóatl;;;;;
xml/maj-MAJNT.xml;maj;Jalapa De Díaz Mazatec;;;;;
xml/mam-MAMNT.xml;mam;Mam language;;;;;
xml/mam-MAMO.xml;mam;Mam language;;;;;
xml/mam-MAMTNT.xml;mam;Mam language;;;;;
xml/maq-MAQNT.xml;maq;Chiquihuitlán Mazatec;;;;;
xml/mau-MAUNT.xml;mau;Huautla Mazatec;;;;;
xml/mav-MAVNT.xml;mav;Mawé language;;;;;
xml/maz-MAZNT.xml;maz;Central Mazahua;;;;;
xml/mbc-MBCNT.xml;mbc;Macushi language;;;;;
xml/mbj-MBJNT.xml;mbj;Nadëb language;;;;;
xml/mbl-MBLNT.xml;mbl;Maxakalí language;;;;;
xml/mcb-MCBNT.xml;mcb;Machiguenga language;;;;;
xml/mcd-MCDNT.xml;mcd;Sharanahua;;;;;
xml/mcf-MCFNT.xml;mcf;Matsés language;;;;;
xml/mck-MBB.xml;mck;Mbunda language;;;;;
xml/mcn-MASSANA.xml;mcn;Masana;;;;;
xml/mco-MCONT.xml;mco;Coatlán Mixe;;;;;
xml/mfe-MKNT.xml;mfe;Morisyen;;;;;
xml/mfk-MOF.xml;mfk;Mofu, North;;;;;
xml/mhx-LHCL.xml;mhx;Lhaovo language;;;;;
xml/mib-MIBNT.xml;mib;Atatláhuca Mixtec;;;;;
xml/mic-MIQNT.xml;mic;Míkmaq language;;;;;
xml/mie-MIENT.xml;mie;Mixtec, Ocotepec;;;;;
xml/mig-MIGNT.xml;mig;Mixtec, San Miguel El Grande;;;;;
xml/mih-MIHNT.xml;mih;Chayuco Mixtec;;;;;
xml/mil-MILNT.xml;mil;Mixtec, Peñoles;;;;;
xml/mio-MIONT.xml;mio;Mixtec, Pinotepa Nacional;;;;;
xml/miq-MSKTU.xml;miq;Mískito;;;;;
xml/mir-MIRNT.xml;mir;Isthmus Mixe;;;;;
xml/mit-MITNT.xml;mit;Mixtec, Southern Puebla;;;;;
xml/miz-MIZNT.xml;miz;Coatzospan Mixtec;;;;;
xml/mjc-MJCNT.xml;mjc;Mixtec, San Juan Colorado;;;;;
xml/mks-MKSNT.xml;mks;Mixtec, Silacayoapan;;;;;
xml/moc-MCV.xml;moc;Mocoví language;;;;;
xml/mop-MOPNT.xml;mop;Mopán Maya;;;;;
xml/mpg-AB.xml;mpg;Marba language;;;;;
xml/mpm-MPMNT.xml;mpm;Mixtec, Yosondúa;;;;;
xml/mpp-MPPPOR.xml;mpp;Migabac;;;;;
xml/mqb-MQBNT.xml;mqb;Mbuko language;;;;;
xml/mqj-MQJNT.xml;mqj;Mamasa;;;;;
xml/mqy-BMNT.xml;mqy;Manggarai;;;;;
xml/msa-TMVRD.xml;msa;Malay;;;;;
xml/mti-MTINT.xml;mti;Maiwa;;;;;
xml/mto-MTONT.xml;mto;Mixe, Totontepec;;;;;
xml/mtp-WHYK.xml;mtp;Wichí Lhamtés Nocten;;;;;
xml/mua-MUA.xml;mua;Mundang language;;;;;
xml/mwm-SBDC.xml;mwm;Sar language;;;;;
xml/mxb-MXBNT.xml;mxb;Mixtec, Tezoatlán;;;;;
xml/mxp-MXPNT.xml;mxp;Mixe, Tlahuitoltepec;;;;;
xml/mxq-MXQNT.xml;mxq;Juquila Mixe;;;;;
xml/mxt-MXTNT.xml;mxt;Jamiltepec Mixtec;;;;;
xml/mya-BCL.xml;mya;Burmese language;;;;;
xml/mya-BJB.xml;mya;Burmese language;;;;;
xml/myb-MB80.xml;myb;Mbay language;;;;;
xml/myu-MYUNT.xml;myu;Mundurukú;;;;;
xml/mzh-WCHB.xml;mzh;Wichí Lhamtés Güisnay;;;;;
xml/mzl-MIXE.xml;mzl;Mazatlán Mixe;;;;;
xml/nab-NABNT.xml;nab;Nambikuára, Southern;;;;;
xml/naq-KKG.xml;naq;Nama;;;;;
xml/nbl-SND12.xml;nbl;Ndebele, South;;;;;
xml/nch-NCHBI.xml;nch;Central Huasteca Nahuatl;;;;;
xml/ncj-NCJNT.xml;ncj;Nahuatl, Northern Puebla;;;;;
xml/ncl-NCLNT.xml;ncl;Michoacán Nahuatl;;;;;
xml/ncu-NCUB.xml;ncu;Chumburung language;;;;;
xml/ncu-NCUNT.xml;ncu;Chumburung language;;;;;
xml/ndo-ONDB.xml;ndo;Ndonga dialect;;;;;
xml/NGT.xml;NGT;;;;;;
xml/ngu-NGUNT.xml;ngu;Guerrero Nahuatl;;;;;
xml/nhd-GDC.xml;nhd;Ava Guaraní;;;;;
xml/nhd-GRN1913.xml;nhd;Ava Guaraní;;;;;
xml/nhe-NHEBI.xml;nhe;Eastern Huasteca Nahuatl;;;;;
xml/nhe-NHENT.xml;nhe;Eastern Huasteca Nahuatl;;;;;
xml/nhg-NHGNT.xml;nhg;Nahuatl, Tetelcingo;;;;;
xml/nhi-NHINT.xml;nhi;Nahuatl, Zacatlán-Ahuacatlán-Tepetzintla;;;;;
xml/nhu-NHUNT.xml;nhu;Noone;;;;;
xml/nhw-NHWBI.xml;nhw;Nahuatl, Western Huasteca;;;;;
xml/nhy-NHYNT.xml;nhy;Nahuatl, Northern Oaxaca;;;;;
xml/nia-NIA.xml;nia;Nias language;;;;;
xml/nin-NINNT.xml;nin;Ninzo language;;;;;
xml/njm-NAGA.xml;njm;Angami Naga;;;;;
xml/nko-NKONT.xml;nko;Nkonya language;;;;;
xml/nld-NBG51.xml;nld;Dutch language;;y;;;
xml/nld-NBV.xml;nld;Dutch language;;y;;;
xml/nnh-NGBM.xml;nnh;Ngiemboon language;;;;;
xml/nno-N11NN.xml;nno;Norwegian Nynorsk;;y;;;
xml/nno-N78NN.xml;nno;Norwegian Nynorsk;;y;;;
xml/nno-NN11.xml;nno;Norwegian Nynorsk;;y;;;
xml/nno-NN85.xml;nno;Norwegian Nynorsk;;y;;;
xml/nob-BM11.xml;nob;Bokmål;;y;;;
xml/nob-BM85.xml;nob;Bokmål;;y;;;
xml/nob-N11BM.xml;nob;Bokmål;;y;;;
xml/nob-N78BM.xml;nob;Bokmål;;y;;;
xml/nop-NOPNTPO.xml;nop;Numanggang language;;;;;
xml/not-NOTNT.xml;not;Nomatsiguenga language;;;;;
xml/npl-NPLNT.xml;npl;Nahuatl, Southeastern Puebla;;;;;
xml/nse-GMN.xml;nse;Nsenga language;;;;;
xml/nsn-NSNNT.xml;nsn;Nehan;;;;;
xml/nso-NSO00.xml;nso;Northern Sotho language;;;;;
xml/nso-NSO51.xml;nso;Northern Sotho language;;;;;
xml/ntp-NTPNT.xml;ntp;Northern Tepehuan;;;;;
xml/nwi-NWINT.xml;nwi;Southwest Tanna;;;;;
xml/obo-OBONT.xml;obo;Manobo, Obo;;;;;
xml/ood-OODNT.xml;ood;O'odham language;;;;;
xml/ote-OTENT.xml;ote;Mezquital Otomi;;;;;
xml/otm-OTMNT.xml;otm;Eastern Highland Otomi;;;;;
xml/otn-OTNNT.xml;otn;Otomi, Tenango;;;;;
xml/otq-OTQNT.xml;otq;Otomi, Querétaro;;;;;
xml/ots-OTSNT.xml;ots;Estado de México Otomi;;;;;
xml/pab-PABNT.xml;pab;Parecís;;;;;
xml/pad-PADNT.xml;pad;Paumarí language;;;;;
xml/pah-PAHNT.xml;pah;Tenharim;;;;;
xml/pao-PAONT.xml;pao;Northern Paiute language;;;;;
xml/pap-PBDC13.xml;pap;Papiamento;;;;;
xml/pbb-PBBNT.xml;pbb;Páez language;;;;;
xml/pdt-PB.xml;pdt;Plautdietsch language;;y;;;
xml/pes-TPV.xml;pes;Iranian Persian;;;;;
xml/pib-PIBNT.xml;pib;Yine language;;;;;
xml/pio-PIONT.xml;pio;Piapoco language;;;;;
xml/pir-PIRNT.xml;pir;Piratapuyo;;;;;
xml/pis-SIDC.xml;pis;Pijin language;;;;;
xml/plg-PLGNT.xml;plg;Pilagá language;;;;;
xml/plg-TSN.xml;plg;Pilagá language;;;;;
xml/pls-PLSNT.xml;pls;Popoloca, San Marcos Tlalcoyalco;;;;;
xml/plt-DIEMD.xml;plt;Malagasy, Plateau;;;;;
xml/plt-DIEM.xml;plt;Malagasy, Plateau;;;;;
xml/plt-MCB.xml;plt;Malagasy, Plateau;;;;;
xml/pne-PNT.xml;pne;Penan, Western;;;;;
xml/poe-POENT.xml;poe;Popoloca, San Juan Atzingo;;;;;
xml/poh-POHNT.xml;poh;Poqomchi' language;;;;;
xml/poh-POK.xml;poh;Poqomchi' language;;;;;
xml/poi-POINT.xml;poi;Highland Popoluca;;;;;
xml/por-ARC09YV.xml;por;Portuguese;;;;;
xml/por-ARC95.xml;por;Portuguese;;;;;
xml/por-ARC.xml;por;Portuguese;;;;;
xml/por-BPT09.xml;por;Portuguese;;;;;
xml/por-NTLH.xml;por;Portuguese;;;;;
xml/prf-PRFNT.xml;prf;Paranan;;;;;
xml/pri-PRINT.xml;pri;Paicî language;;;;;
xml/prs-TDV08.xml;prs;Afghan Persian;;;;;
xml/quc-QUCNNT.xml;quc;K'iche';;;;;
xml/quc-QUCTNT.xml;quc;K'iche';;;;;
xml/quc-QUICH1.xml;quc;K'iche';;;;;
xml/quf-QUFNT.xml;quf;Inkawasi-Kañaris Quechua;;;;;
xml/qug-QCHI04.xml;qug;Chimborazo Highland Quichua;;;;;
xml/quh-QNBNT.xml;quh;Quechua, South Bolivian;;;;;
xml/quh-QUHNT.xml;quh;Quechua, South Bolivian;;;;;
xml/qul-QULNT.xml;qul;North Bolivian Quechua;;;;;
xml/qup-QUPNT.xml;qup;Quechua, Southern Pastaza;;;;;
xml/quy-QAB12.xml;quy;Ayacucho Quechua;;;;;
xml/qvc-QVCNT.xml;qvc;Cajamarca Quechua;;;;;
xml/qve-QVENT.xml;qve;Eastern Apurímac Quechua;;;;;
xml/qvh-QVHNT.xml;qvh;Huamalíes-Dos de Mayo Huánuco Quechua;;;;;
xml/qvi-QUII.xml;qvi;Imbabura Highland Quichua;;;;;
xml/qvm-QVMNT.xml;qvm;Margos-Yarowilca-Lauricocha Quechua;;;;;
xml/qvn-QVNNT.xml;qvn;North Junín Quechua;;;;;
xml/qvs-QVSNT.xml;qvs;Lamas Quechua;;;;;
xml/qvw-QVWNT.xml;qvw;Huaylla Wanca Quechua;;;;;
xml/qvz-QVZNT.xml;qvz;Northern Pastaza Quichua;;;;;
xml/qwh-QWHNT.xml;qwh;Huaylas Ancash Quechua;;;;;
xml/qxh-QXHNT.xml;qxh;Panao Huánuco Quechua;;;;;
xml/qxn-QXNNT.xml;qxn;Northern Conchucos Ancash Quechua;;;;;
xml/qxo-QXONT.xml;qxo;Quechua, Southern Conchucos Ancash;;;;;
xml/qxr-QCA04.xml;qxr;Cañar Highland Quichua;;;;;
xml/rim-RNT.xml;rim;Nyaturu;;;;;
xml/rkb-RKBNT.xml;rkb;Rikbaktsa language;;;;;
xml/rmy-ROM07.xml;rmy;Romani, Vlax;;;;;
xml/rus-CASS.xml;rus;Russian language;;;;;
xml/rus-SYNOD.xml;rus;Russian language;;;;;
xml/sab-SABNT.xml;sab;Buglere language;;;;;
xml/sba-NB89.xml;sba;Ngambay;;;;;
xml/sda-SDA.xml;sda;Toraja-Sa'dan;;;;;
xml/sey-SEYNT.xml;sey;Secoya language;;;;;
xml/sgz-SGZNT.xml;sgz;Sursurunga language;;;;;
xml/shp-SHPNTPO.xml;shp;Shipibo language;;;;;
xml/shu-SHUARAB.xml;shu;Arabic, Chadian;;;;;
xml/shu-SHULATN.xml;shu;Arabic, Chadian;;;;;
xml/sja-SJANT.xml;sja;Epena;;;;;
xml/slk-SEB.xml;slk;Slovak language;;;;;
xml/slv-SJV.xml;slv;Slovene language;;;;;
xml/smk-SMKNT.xml;smk;Bolinao language;;;;;
xml/smo-RSCB.xml;smo;Samoan language;;;;;
xml/snd-SCLNT.xml;snd;Sindhi language;;;;;
xml/snn-SNNNT.xml;snn;Siona language;;;;;
xml/som-SOMB.xml;som;Somali language;;;;;
xml/sot-SSO61SO.xml;sot;Sotho language;;;;;
xml/sot-SSO89SO.xml;sot;Sotho language;;;;;
xml/spa-BHTI.xml;spa;Castilian;;;;;
xml/spa-BLPH.xml;spa;Castilian;;;;;
xml/spa-BLP.xml;spa;Castilian;;;;;
xml/spa-BTI.xml;spa;Castilian;;;;;
xml/spa-DHHE.xml;spa;Castilian;;;;;
xml/spa-DHH.xml;spa;Castilian;;;;;
xml/spa-RVC.xml;spa;Castilian;;;;;
xml/spa-RVR60.xml;spa;Castilian;;;;;
xml/spa-RVR95.xml;spa;Castilian;;;;;
xml/spa-TLA.xml;spa;Castilian;;;;;
xml/spy-SPYB.xml;spy;Sabaot language;;;;;
xml/spy-SPYNT.xml;spy;Sabaot language;;;;;
xml/srm-SRMNT.xml;srm;Saramaccan language;;;;;
xml/srn-SRNNT.xml;srn;Sranan Tongo;;;;;
xml/srq-SRQNT.xml;srq;Sirionó;;;;;
xml/ssg-SSGNT.xml;ssg;Seimat language;;;;;
xml/ssw-SWT.xml;ssw;Swati;;;;;
xml/stp-STPNT.xml;stp;Southeastern Tepehuan;;;;;
xml/suz-SUZBI.xml;suz;Sunwar language;;;;;
xml/swe-B2000.xml;swe;Swedish language;;;;;
xml/swh-BHN.xml;swh;Bravanese dialect;;;;;
xml/swh-SUV.xml;swh;Bravanese dialect;;;;;
xml/sxb-SXBNT.xml;sxb;Suba language;;;;;
xml/tac-TACNT.xml;tac;Lowland Tarahumara;;;;;
xml/tam-TBOV.xml;tam;Tamil language;;;;;
xml/tbg-TBGNTPO.xml;tbg;North Tairora;;;;;
xml/tbl-TBLNT.xml;tbl;Tboli;;;;;
xml/tca-TCANT.xml;tca;Ticuna language;;;;;
xml/tee-TEENT.xml;tee;Huehuetla Tepehua;;;;;
xml/teo-B61.xml;teo;Teso;;;;;
xml/ter-TERNT.xml;ter;Terêna language;;;;;
xml/tgl-MBB05.xml;tgl;Tagalog language;;;;;
xml/tha-TH1971.xml;tha;Thai language;;;;;
xml/tha-THSV11.xml;tha;Thai language;;;;;
xml/tih-MTNT.xml;tih;Murut, Timugon;;;;;
xml/tku-TKUNT.xml;tku;Totonac, Upper Necaxa;;;;;
xml/tna-TNANT.xml;tna;Tacana language;;;;;
xml/tob-TSB.xml;tob;Toba Qom language;;;;;
xml/toc-TOCNT.xml;toc;Coyutla Totonac;;;;;
xml/toj-TOJNT.xml;toj;Tojolab'al language;;;;;
xml/too-TOONT.xml;too;Totonac, Xicotepec De Juárez;;;;;
xml/top-TOPNT.xml;top;Papantla Totonac;;;;;
xml/tos-TOSNT.xml;tos;Highland Totonac;;;;;
xml/tpt-TPTNT.xml;tpt;Tepehua, Tlachichilco;;;;;
xml/trc-TRCNT.xml;trc;Copala Triqui;;;;;
xml/tsn-TSW08NO.xml;tsn;Tswana language;;;;;
xml/tsn-TSW70.xml;tsn;Tswana language;;;;;
xml/tso-TSO29NO.xml;tso;Tsonga language;;;;;
xml/tso-TSO89.xml;tso;Tsonga language;;;;;
xml/tsw-TSWNT.xml;tsw;Tsishingini;;;;;
xml/tsz-PNT.xml;tsz;Purepecha;;;;;
xml/ttc-TTCNT.xml;ttc;Tektitek language;;;;;
xml/tuc-TUCNT.xml;tuc;Mutu language;;;;;
xml/tuc-TUCONT.xml;tuc;Mutu language;;;;;
xml/tuc-TUCTNT.xml;tuc;Mutu language;;;;;
xml/tuo-TUONT.xml;tuo;Tucano language;;;;;
xml/tur-TCL02.xml;tur;Turkish language;;;;;
xml/txu-TXUNT.xml;txu;Kayapó;;;;;
xml/tzh-TZH.xml;tzh;Tzeltal language;;;;;
xml/tzh-TZOXCH.xml;tzh;Tzeltal language;;;;;
xml/tzj-TZJNT.xml;tzj;Tz'utujil;;;;;
xml/tzo-TZC00.xml;tzo;Tzotzil language;;;;;
xml/tzo-TZET.xml;tzo;Tzotzil language;;;;;
xml/tzo-TZONT.xml;tzo;Tzotzil language;;;;;
xml/tzo-TZOZNT.xml;tzo;Tzotzil language;;;;;
xml/upv-UNT.xml;upv;Uripiv language;;;;;
xml/ura-URANT.xml;ura;Urarina language;;;;;
xml/urb-URBNT.xml;urb;Ka'apor language;;;;;
xml/urd-URD.xml;urd;Urdu;;;;;
xml/usp-USPNT.xml;usp;Uspanteco;;;;;
xml/ven-VEN98.xml;ven;Venda language;;;;;
xml/vie-RVV11.xml;vie;Vietnamese language;;;;;
xml/vmy-VMYNT.xml;vmy;Ayautla Mazatec;;;;;
xml/wap-WAPNT.xml;wap;Wapishana language;;;;;
xml/wbm-WCL.xml;wbm;Wa;;;;;
xml/xav-XAVNT.xml;xav;Xavánte;;;;;
xml/xho-XHO75.xml;xho;Xhosa language;;;;;
xml/xho-XHO96.xml;xho;Xhosa language;;;;;
xml/xtd-XTDNT.xml;xtd;Diuxi-Tilantongo Mixtec;;;;;
xml/xtm-XTMNTPP.xml;xtm;Magdalena Peñasco Mixtec;;;;;
xml/yaa-YAANT.xml;yaa;Yaminahua language;;;;;
xml/yad-YADNT.xml;yad;Yagua language;;;;;
xml/yal-YALB.xml;yal;Yalunka language;;;;;
xml/yan-SUMU.xml;yan;Mayangna;;;;;
xml/yaq-YAQNT.xml;yaq;Yaqui language;;;;;
xml/yor-YCE.xml;yor;Yoruba language;;;;;
xml/yua-MAYABI.xml;yua;Maya, Yucatec;;;;;
xml/yut-YUTNT.xml;yut;Yopno language;;;;;
xml/yva-YVANT.xml;yva;Yawa language;;;;;
xml/zaa-ZAANT.xml;zaa;Sierra de Juárez Zapotec;;;;;
xml/zab-ZABNT.xml;zab;San Juan Guelavía Zapotec;;;;;
xml/zac-ZACNT.xml;zac;Ocotlán Zapotec;;;;;
xml/zad-ZADNT.xml;zad;Cajonos Zapotec;;;;;
xml/zai-ZAINT.xml;zai;Isthmus Zapotec;;;;;
xml/zam-ZAMNT.xml;zam;Miahuatlán Zapotec;;;;;
xml/zao-ZAONT.xml;zao;Ozolotepec Zapotec;;;;;
xml/zar-ZARNT.xml;zar;Rincón Zapotec;;;;;
xml/zas-ZASNT.xml;zas;Santo Domingo Albarradas Zapotec;;;;;
xml/zat-ZATNTPS.xml;zat;Tabaa Zapotec;;;;;
xml/zav-ZAVNT.xml;zav;Yatzachi Zapotec;;;;;
xml/zaw-ZAWNT.xml;zaw;Mitla Zapotec;;;;;
xml/zca-ZCANT.xml;zca;Coatecas Altas Zapotec;;;;;
xml/zho-CUNPSS.xml;zho;Chinese language;;;;;
xml/zho-CUNP.xml;zho;Chinese language;;;;;
xml/zho-RCUVSS.xml;zho;Chinese language;;;;;
xml/zho-RCUVTS.xml;zho;Chinese language;;;;;
xml/zho-RCUV.xml;zho;Chinese language;;;;;
xml/zia-ZIANT.xml;zia;Zia language;;;;;
xml/zos-ZOSNT.xml;zos;Francisco León Zoque;;;;;
xml/zpc-ZPCNT.xml;zpc;Choapan Zapotec;;;;;
xml/zpi-ZPINT.xml;zpi;Santa María Quiegolani Zapotec;;;;;
xml/zpl-ZPLNT.xml;zpl;Lachixío Zapotec;;;;;
xml/zpm-ZPMNT.xml;zpm;Mixtepec Zapotec;;;;;
xml/zpo-ZPONT.xml;zpo;Amatlán Zapotec;;;;;
xml/zpq-ZPQNT.xml;zpq;Zapotec, Zoogocho;;;;;
xml/zpu-ZPUNT.xml;zpu;Yalálag Zapotec;;;;;
xml/zpv-ZPVNT.xml;zpv;Chichicapan Zapotec;;;;;
xml/zpz-ZPZNTPP.xml;zpz;Texmelucan Zapotec;;;;;
xml/zsr-ZSRNT.xml;zsr;Southern Rincon Zapotec;;;;;
xml/ztq-ZTQNT.xml;ztq;Quioquitani-Quierí Zapotec;;;;;
xml/zty-ZTYNTPS.xml;zty;Yatee Zapotec;;;;;
xml/zul-ZUL59.xml;zul;Zulu language;;;;;
xml/zul-ZUL86.xml;zul;Zulu language;;;;;
