von_der_serviette_dem_tornister_dem_kanonenhuetlein_und_dem_horn	khm-037a
tischchen_deck_dich_goldesel_und_knuppel_aus_dem_sack	khm-036
marchen_von_einem_der_auszog_das_furchten_zu_lernen	khm-004
wie_kinder_schlachtens_miteinander_gespielt_haben	khm-022a
der_koenigssohn_der_sich_vor_nichts_fuerchtet	khm-121
von_dem_mauschen_vogelchen_und_der_bratwurst	khm-023
die_schoene_katrinelje_und_pif_paf_poltrie	khm-131
der_ranzen_das_huetlein_und_das_hoernlein	khm-054
der_froschkonig_oder_der_eiserne_heinrich	khm-001
von_der_nachtigall_und_der_blindschleiche	khm-006a
der_arme_muellerbursch_und_das_kaetzchen	khm-106
der_wolf_und_die_sieben_jungen_geisslein	khm-005
der_teufel_mit_den_drei_goldenen_haaren	khm-029
das_singende_springende_loeweneckerchen	khm-088
einauglein_zweiauglein_und_dreiauglein	khm-130
ferenand_getrue_und_ferenand_ungetrue	khm-126
der_frieder_und_das_katherlieschen	khm-059
der_sperling_und_seine_vier_kinder	khm-158
die_klare_sonne_bringts_an_den_tag	khm-115
sechse_kommen_durch_die_ganze_welt	khm-071
armut_und_demut_fuehren_zum_himmel	khm-205
der_alte_grossvater_und_sein_enkel	khm-078
die_weisse_und_die_schwarze_braut	khm-135
spindel_weberschiffchen_und_nadel	khm-189
der_fuchs_und_die_frau_gevatterin	khm-074
der_teufel_und_seine_grossmutter	khm-125
die_geschenke_des_kleinen_volkes	khm-183
des_herrn_und_des_teufels_getier	khm-148
das_maerchen_vom_schlaraffenland	khm-159
de_drei_schwatten_prinzessinnen	khm-137
das_dietmarsische_lugenmaerchen	khm-160
die_hochzeir_der_frau_fuechsin	khm-038
katze_und_maus_in_gesellschaft	khm-002
von_dem_fischer_un_seiner_frau	khm-019
die_vier_kunstreichen_brueder	khm-129
schneeweisschen_und_rosenrot	khm-162
der_stiefel_von_bueffelleder	khm-200
bruderchen_und_schwesterchen	khm-011
der_gaudieb_und_sein_meister	khm-068
die_gaensehirtin_am_brunnen	khm-180
der_konig_vom_goldenen_berg	khm-092
der_heilige_joseph_im_walde	khm-202
des_teufels_russiger_bruder	khm-100
der_zaunkoenig_und_der_baer	khm-102
der_riese_und_der_schneider	khm-184
das_laemmchen_und_fischchen	khm-141
das_junggegluehte_maennlein	khm-147
der_dreschflegel_vom_himmel	khm-112
die_drei_handwerksburschen	khm-120
die_ungleichen_kinder_evas	khm-181
die_drei_mannlein_im_walde	khm-013
von_dem_tode_des_huenchens	khm-080
die_bremer_stadtmusikanten	khm-027
die_brosamen_auf_dem_tisch	khm-191
die_drie_schlangenblatter	khm-016
der_wunderliche_spielmann	khm-008
die_zwoelf_faulen_knechte	khm-152
der_hund_und_der_sperling	khm-058
das_tapfere_schneiderlein	khm-020
strohhalm_kohle_und_bohne	khm-018
der_tod_und_der_gansehirt	khm-027a
knoist_un_sine_dre_suehne	khm-138
daumerlings_wanderschaft	khm-045
vom_klugen_schneiderlein	khm-114
der_bauer_und_der_teufel	khm-190
rohrdommel_und_wiedehopf	khm-174
de_beiden_kuenigeskinner	khm-113
der_arme_und_der_reiche	khm-087
die_kluge_bauerntochter	khm-094
die_drei_gruenen_zweige	khm-207
der_schneider_im_himmel	khm-035
die_himmlische_hochzeit	khm-210
der_fuchs_und_das_pferd	khm-132
der_wolf_und_der_mensch	khm-072
der_fuchs_und_die_katze	khm-075
die_hand_mit_dem_messer	khm-008a
der_fuchs_und_die_ganse	khm-086
das_madchen_ohne_hande	khm-031
der_arme_junge_im_grab	khm-186
die_drei_glueckskinder	khm-070
der_wolf_und_der_fuchs	khm-073
der_goldene_schluessel	khm-201
das_wasser_des_lebens	khm-097
die_zertanzten_schuhe	khm-133
maerchen_von_der_unke	khm-105
lauschen_und_flohchen	khm-030
der_hase_und_der_igel	khm-188
die_drei_spinnerinnen	khm-014
der_gestohlene_heller	khm-155
prinzessin_maeusehaut	khm-071a
der_gestiefelte_kater	khm-033a
muttergottesglaeschen	khm-208
dat_maeken_von_brakel	khm-139
das_eigensinnige_kind	khm-117
von_dem_machandelbaum	khm-047
jorinde_und_joringel	khm-069
die_drei_feldscherer	khm-118
der_singende_knochen	khm-028
lieb_und_leid_teilen	khm-171
das_alte_muetterchen	khm-209
das_buerle_im_himmel	khm-168
die_beiden_wanderer	khm-107
der_gelernte_jaeger	khm-111
die_weisse_schlange	khm-017
der_alte_hildebrand	khm-095
die_sieben_schwaben	khm-119
der_rauberbrautigam	khm-040
die_faule_spinnerin	khm-128
die_boten_des_todes	khm-178
der_undankbare_sohn	khm-145
die_alte_bettelfrau	khm-150
der_treue_johannes	khm-006
der_glaeserne_sarg	khm-164
die_zwoelf_brueder	khm-009
koenig_drosselbart	khm-052
der_gescheite_hans	khm-032
die_wichtelmaenner	khm-039
das_lumpengesindel	khm-010
der_liebste_roland	khm-056
die_zwoelf_apostel	khm-203
das_hirtenbueblein	khm-153
die_schlickerlinge	khm-157
die_nixe_im_teich	khm-182
die_zwoelf_jaeger	khm-067
die_kristallkugel	khm-198
das_kluge_grethel	khm-077
die_drei_sprachen	khm-033
die_sechs_schwane	khm-049
de_drei_vugelkens	khm-096
doktor_allwissend	khm-098
der_goldene_vogel	khm-057
der_herr_gevatter	khm-042
hansel_und_gretel	khm-015
der_geist_im_glas	khm-099
die_bienenkonigin	khm-062
das_totenhemdchen	khm-109
die_sechs_diener	khm-134
dat_erdmaenneken	khm-091
das_meerhaeschen	khm-192
die_klugen_leute	khm-104
der_jude_im_dorn	khm-110
die_sieben_raben	khm-025
die_alte_im_wald	khm-123
die_drei_brueder	khm-124
die_hagere_liese	khm-169
die_goldene_gans	khm-064
der_gevatter_tod	khm-044
der_hahnenbalken	khm-149
der_kluge_knecht	khm-163
die_zwei_bruder	khm-060
der_starke_hans	khm-167
der_vogel_greif	khm-166
der_meisterdieb	khm-193
die_wahre_braut	khm-187
jungfrau_maleen	khm-199
der_junge_riese	khm-090
der_barenhauter	khm-101
das_blaue_licht	khm-116
der_gute_handel	khm-007
der_faule_heinz	khm-165
die_drei_federn	khm-063
der_alte_sultan	khm-048
rumpelstilzchen	khm-055
die_drei_faulen	khm-151
das_hausgesinde	khm-140
raetselmaerchen	khm-161
hans_im_glueck	khm-083
die_goldkinder	khm-085
fitchers_vogel	khm-046
der_grabhuegel	khm-196
meister_pfriem	khm-179
der_zaunkoenig	khm-172
hans_mein_igel	khm-108
die_lebenszeit	khm-177
hurleburlebutz	khm-066a
die_kluge_else	khm-034
schneewittchen	khm-053
die_sterntaler	khm-154
die_wassernixe	khm-079
der_susse_brei	khm-103
die_brautschau	khm-156
haesichenbraut	khm-066
up_reisen_gohn	khm-143
bruder_lustig	khm-081
der_eisenhans	khm-136
der_krautesel	khm-122
der_eisenofen	khm-127
die_gansemagd	khm-089
hans_heiratet	khm-084
gottes_speise	khm-206
die_kornaehre	khm-195
die_haselrute	khm-211
de_spielhansl	khm-082
der_trommler	khm-194
allerleirauh	khm-065
das_waldhaus	khm-170
aschenputtel	khm-021
rotkaeppchen	khm-026
oll_rinkrank	khm-197
das_eselein	khm-144
das_raetsel	khm-022
dornroschen	khm-050
herr_korbes	khm-041
die_scholle	khm-173
das_buerle	khm-061
marienkind	khm-003
simeliberg	khm-142
fundevogel	khm-051
daumesdick	khm-037
der_okerlo	khm-070a
frau_holle	khm-024
frau_trude	khm-043
die_nelke	khm-076
die_ruebe	khm-146
hans_dumm	khm-054a
der_nagel	khm-185
die_rabe	khm-093
die_eule	khm-175
der_mond	khm-176
rapunzel	khm-012
blaubart	khm-062a
die_rose	khm-204